<core:FragmentDefinition
		height="100%"
		xmlns:layout="sap.ui.layout"
		xmlns:form="sap.ui.layout.form"
		xmlns:core="sap.ui.core"
		xmlns="sap.m"
		class="lpBackgroundStyle lpCompleteRegister" >
		<Page title="{i18n>title}" showHeader="false" class="lpRegisterPage" >
			<content>
			
			     <form:SimpleForm layout="ResponsiveGridLayout"
						adjustLabelSpan="false" emptySpanXL="0" emptySpanL="0" emptySpanM="0"
						emptySpanS="0" columnsXL="1" columnsL="1" columnsM="1"
						singleContainerFullSize="false">
						<form:content>
							<HBox alignItems="Center" justifyContent="Center">
								<Image class="selfRegister_lp_banner" src="../../selfRegister/images/leaseplan_logo.png" />
							</HBox>
						</form:content>
				</form:SimpleForm>
				
				 <form:SimpleForm layout="ResponsiveGridLayout" id="lpConfirmIcon"
						adjustLabelSpan="false" emptySpanXL="0" emptySpanL="0" emptySpanM="0"
						emptySpanS="0" columnsXL="1" columnsL="1" columnsM="1"
						singleContainerFullSize="false">
						<form:content>
							<HBox alignItems="Center" justifyContent="Center">
									<Image  id="lpConfirmImg" class="lp_confirm" src=""/>
							</HBox>
						</form:content>
				</form:SimpleForm>
				
				<form:SimpleForm layout="ResponsiveGridLayout" id="lpCustomerStatus"
						labelSpanXL="1" labelSpanL="1" labelSpanM="1" labelSpanS="12"
						adjustLabelSpan="false"  emptySpanXL="1" emptySpanL="1" emptySpanM="1"
				     	emptySpanS="0" columnsXL="1" columnsL="1" columnsM="1"
						singleContainerFullSize="false">
						<form:content>
						        <Label text="" />
								<Text id="customerStatus" text="" />
						</form:content>
				</form:SimpleForm>
					
				<form:SimpleForm layout="ResponsiveGridLayout" id="lpCustomerMessageForm"
						labelSpanXL="1" labelSpanL="1" labelSpanM="1" labelSpanS="12"
						adjustLabelSpan="false"  emptySpanXL="1" emptySpanL="1" emptySpanM="1"
				     	emptySpanS="0" columnsXL="1" columnsL="1" columnsM="1"
						singleContainerFullSize="false">
						<form:content>
						        <Label text="" />
								<core:HTML content="{i18n>CUSTOMER_MSG_TXT}" />
						</form:content>
				</form:SimpleForm>
				
				<form:SimpleForm layout="ResponsiveGridLayout" id="lpCustomerMessage2"  
						labelSpanXL="1" labelSpanL="1" labelSpanM="1" labelSpanS="12"
						adjustLabelSpan="false"  emptySpanXL="1" emptySpanL="1" emptySpanM="1"
				     	emptySpanS="0" columnsXL="1" columnsL="1" columnsM="1"
						singleContainerFullSize="false">
						<form:content>
						        <Label text="" />
								<Text id="lpCustomerMessage" text="" />
						</form:content>
				</form:SimpleForm>
				
			</content>
			<footer>
				<Bar>
					<contentLeft>
						<Button text="EXIT" press="NavToPortal"></Button>
					</contentLeft>
				</Bar>
			</footer>
		</Page>
</core:FragmentDefinition>